City_ID,City,Country,Date,Lat,Lng,Max Temp,Humidity,Cloudiness,Wind Speed
0,Arraial Do Cabo,BR,2020-07-11 16:08:47,-22.97,-42.03,78.8,57,0,19.46
1,Kahama,TZ,2020-07-11 16:08:49,-3.83,32.6,76.95,42,89,5.12
2,Yellowknife,CA,2020-07-11 16:08:49,62.46,-114.35,70.0,77,75,3.36
3,Atuona,PF,2020-07-11 16:08:50,-9.8,-139.03,79.93,76,24,20.49
4,Hermanus,ZA,2020-07-11 16:08:50,-34.42,19.23,53.01,70,30,13.24
5,Channel-Port Aux Basques,CA,2020-07-11 16:08:51,47.57,-59.14,60.39,89,97,11.95
6,Vardo,NO,2020-07-11 16:08:51,70.37,31.11,48.79,86,21,12.37
7,Saint-Philippe,RE,2020-07-11 16:08:52,-21.36,55.77,69.8,73,40,14.99
8,Busselton,AU,2020-07-11 16:08:52,-33.65,115.33,46.99,69,0,13.4
9,Jamestown,US,2020-07-11 16:04:48,42.1,-79.24,75.0,88,90,6.93
10,Hirado,JP,2020-07-11 16:08:53,33.36,129.55,73.99,86,100,5.99
11,Haimen,CN,2020-07-11 16:08:54,23.19,116.61,84.2,79,0,8.95
12,Parkersburg,US,2020-07-11 16:08:54,39.27,-81.56,81.0,44,1,14.99
13,Port Macquarie,AU,2020-07-11 16:08:55,-31.43,152.92,51.01,97,99,5.28
14,Kodiak,US,2020-07-11 16:08:55,57.79,-152.41,55.54,81,25,1.86
15,Haines Junction,CA,2020-07-11 16:08:56,60.75,-137.51,51.22,70,100,3.2
16,Parati,BR,2020-07-11 16:04:54,-23.22,-44.71,78.8,44,20,8.05
17,Kapaa,US,2020-07-11 16:08:56,22.08,-159.32,78.8,83,90,12.75
18,Bredasdorp,ZA,2020-07-11 16:08:57,-34.53,20.04,57.2,62,20,8.05
19,Khatanga,RU,2020-07-11 16:08:57,71.97,102.5,51.75,85,77,11.65
20,Sioux Lookout,CA,2020-07-11 16:06:24,50.1,-91.92,60.8,82,90,4.7
21,Bluff,NZ,2020-07-11 16:08:58,-46.6,168.33,50.14,79,100,24.25
22,Mar Del Plata,AR,2020-07-11 16:08:59,-38.0,-57.56,52.0,65,39,2.24
23,Boa Vista,BR,2020-07-11 16:05:41,2.82,-60.67,84.2,70,75,3.36
24,Bosanski Novi,BA,2020-07-11 16:09:00,45.05,16.38,82.24,56,76,12.66
25,Srednekolymsk,RU,2020-07-11 16:09:01,67.45,153.68,53.87,79,0,2.86
26,Nikolskoye,RU,2020-07-11 16:09:01,59.7,30.79,64.4,52,75,15.66
27,Saint-Pierre,RE,2020-07-11 16:09:01,-21.34,55.48,69.8,73,40,14.99
28,Georgetown,MY,2020-07-11 16:08:41,5.41,100.34,80.6,94,20,2.86
29,Nanortalik,GL,2020-07-11 16:09:04,60.14,-45.24,44.69,91,97,10.02
30,Upernavik,GL,2020-07-11 16:09:05,72.79,-56.15,41.7,82,0,6.76
31,Codrington,AU,2020-07-11 16:09:06,-38.27,141.97,47.25,90,87,3.2
32,Punta Arenas,CL,2020-07-11 16:05:02,-53.15,-70.92,35.6,74,40,17.22
33,Alofi,NU,2020-07-11 16:09:07,-19.06,-169.92,73.4,88,35,12.75
34,Upata,VE,2020-07-11 16:09:07,8.01,-62.4,82.0,81,100,5.01
35,Kaitangata,NZ,2020-07-11 16:09:08,-46.28,169.85,51.01,55,100,8.01
36,Ulladulla,AU,2020-07-11 16:09:08,-35.35,150.47,48.2,93,9,10.29
37,Mahebourg,MU,2020-07-11 16:09:08,-20.41,57.7,69.8,77,75,13.87
38,Strezhevoy,RU,2020-07-11 16:09:09,60.73,77.59,68.0,77,96,4.47
39,Albany,US,2020-07-11 16:06:49,42.6,-73.97,86.0,76,58,6.98
40,Vestmannaeyjar,IS,2020-07-11 16:09:10,63.44,-20.27,53.6,81,90,12.75
41,Issenye,TZ,2020-07-11 16:09:11,-2.0,34.33,78.64,37,96,3.24
42,Mataura,NZ,2020-07-11 16:09:12,-46.19,168.86,44.15,93,100,3.2
43,Akcakoca,TR,2020-07-11 16:09:13,41.09,31.12,77.4,66,0,10.16
44,Rikitea,PF,2020-07-11 16:09:13,-23.12,-134.97,68.25,68,29,19.15
45,Rio Grande,BR,2020-07-11 16:09:09,-32.03,-52.1,60.8,63,40,11.41
46,Surt,LY,2020-07-11 16:09:14,31.21,16.59,80.28,64,0,13.67
47,Ushuaia,AR,2020-07-11 16:07:34,-54.8,-68.3,32.0,91,75,3.36
48,Cape Town,ZA,2020-07-11 16:08:07,-33.93,18.42,57.0,62,40,11.41
49,Hithadhoo,MV,2020-07-11 16:09:16,-0.6,73.08,84.65,74,7,10.76
50,Huaiyuan,CN,2020-07-11 16:09:16,32.97,117.2,75.25,94,100,14.14
51,New Norfolk,AU,2020-07-11 16:09:16,-42.78,147.06,45.0,91,48,1.99
52,Gangarampur,IN,2020-07-11 16:09:18,25.4,88.52,83.32,82,95,4.05
53,Asosa,ET,2020-07-11 16:09:19,10.07,34.53,66.45,97,80,1.07
54,Christchurch,NZ,2020-07-11 16:07:41,-43.53,172.63,42.8,81,19,8.05
55,Okato,NZ,2020-07-11 16:09:21,-39.2,173.88,42.01,93,48,1.01
56,Tuatapere,NZ,2020-07-11 16:09:21,-46.13,167.68,45.86,90,100,4.65
57,Beloha,MG,2020-07-11 16:09:21,-25.17,45.05,71.71,57,5,2.33
58,Saint-Francois,FR,2020-07-11 16:09:22,46.42,3.91,78.8,26,0,9.17
59,Bridlington,GB,2020-07-11 16:09:23,54.08,-0.19,64.4,55,76,11.41
60,Tuktoyaktuk,CA,2020-07-11 16:09:24,69.45,-133.04,37.4,100,75,0.94
61,Danville,US,2020-07-11 16:09:20,36.59,-79.39,86.0,43,0,8.68
62,Dikson,RU,2020-07-11 16:09:26,73.51,80.55,42.82,87,85,12.95
63,Coahuayana,MX,2020-07-11 16:09:27,18.73,-103.68,77.0,88,75,2.73
64,Deputatskiy,RU,2020-07-11 16:09:28,69.3,139.9,58.17,63,100,1.88
65,Ambovombe,MG,2020-07-11 16:09:28,-25.17,46.08,71.49,68,0,10.36
66,Zhangjiakou,CN,2020-07-11 16:09:29,40.81,114.88,69.8,79,100,4.83
67,Bilma,NE,2020-07-11 16:09:30,18.69,12.92,106.34,12,40,7.85
68,Saskylakh,RU,2020-07-11 16:09:31,71.92,114.08,63.68,84,70,11.54
69,Hobart,AU,2020-07-11 16:08:38,-42.88,147.33,45.0,87,90,3.36
70,Estelle,US,2020-07-11 16:09:30,29.85,-90.11,91.0,79,75,9.17
71,Zhangye,CN,2020-07-11 16:09:32,38.93,100.45,71.53,36,91,5.23
72,Skegness,GB,2020-07-11 16:09:32,53.14,0.34,64.4,45,40,11.41
73,Prabumulih,ID,2020-07-11 16:07:07,-3.45,104.25,73.36,98,77,2.04
74,Provideniya,RU,2020-07-11 16:09:33,64.38,-173.3,50.77,79,5,4.68
75,Leiyang,CN,2020-07-11 16:09:33,26.4,112.86,80.35,79,100,6.2
76,Salalah,OM,2020-07-11 16:09:33,17.02,54.09,80.6,100,90,6.93
77,Parana,AR,2020-07-11 16:06:48,-31.73,-60.52,60.01,30,6,4.0
78,Inirida,CO,2020-07-11 16:09:35,3.87,-67.92,81.16,88,83,2.35
79,Butaritari,KI,2020-07-11 16:09:35,3.07,172.79,82.35,80,100,13.0
80,Ponta Delgada,PT,2020-07-11 16:09:35,37.73,-25.67,71.6,64,75,8.05
81,Barrow,US,2020-07-11 16:09:36,71.29,-156.79,33.8,86,90,8.05
82,Lagoa,PT,2020-07-11 16:09:36,39.05,-27.98,69.44,76,17,10.71
83,El Alto,PE,2020-07-11 16:09:36,-4.27,-81.21,78.8,69,59,19.46
84,Fairbanks,US,2020-07-11 16:07:42,64.84,-147.72,54.0,76,1,3.36
85,Iqaluit,CA,2020-07-11 16:09:37,63.75,-68.51,37.4,93,90,6.93
86,Qasigiannguit,GL,2020-07-11 16:09:38,68.82,-51.19,46.4,70,40,4.7
87,Karratha,AU,2020-07-11 16:09:39,-20.74,116.85,67.73,29,0,17.07
88,Chokurdakh,RU,2020-07-11 16:09:39,70.63,147.92,44.71,79,17,10.31
89,Takab,IR,2020-07-11 16:09:39,36.4,47.11,71.6,45,56,8.55
90,Fortuna,US,2020-07-11 16:09:40,40.6,-124.16,57.99,100,90,4.7
91,Ust-Ilimsk,RU,2020-07-11 16:09:41,58.0,102.66,53.64,75,12,2.64
92,Mahanoro,MG,2020-07-11 16:09:41,-19.9,48.8,69.55,83,9,7.29
93,Mora,CM,2020-07-11 16:09:42,11.05,14.14,87.8,62,40,8.05
94,Tutoia,BR,2020-07-11 16:09:44,-2.76,-42.27,84.88,66,32,11.25
95,Bulanash,RU,2020-07-11 16:09:46,57.28,62.0,72.18,72,41,7.83
96,Along,IN,2020-07-11 16:09:47,28.17,94.77,73.81,90,100,1.63
97,Vaini,TO,2020-07-11 16:09:48,-21.2,-175.2,69.8,88,40,10.29
98,Dalnegorsk,RU,2020-07-11 16:09:48,44.56,135.57,59.02,82,79,1.95
99,Puerto Ayora,EC,2020-07-11 16:09:11,-0.74,-90.35,69.01,89,100,4.0
100,Dunedin,NZ,2020-07-11 16:09:49,-45.87,170.5,50.0,65,98,1.01
101,Hambantota,LK,2020-07-11 16:09:49,6.12,81.12,80.6,94,40,4.7
102,Ahipara,NZ,2020-07-11 16:09:50,-35.17,173.17,49.98,82,43,3.36
103,Zyryanka,RU,2020-07-11 16:09:53,65.75,150.85,55.45,79,3,3.13
104,Flinders,AU,2020-07-11 16:09:55,-34.58,150.86,48.99,89,99,1.01
105,Fredericksburg,US,2020-07-11 16:09:56,38.3,-77.46,89.6,52,40,9.17
106,Sao Joao Da Barra,BR,2020-07-11 16:09:58,-21.64,-41.05,78.8,61,20,6.93
107,Archidona,ES,2020-07-11 16:09:59,37.1,-4.39,96.01,28,18,1.99
108,Taoudenni,ML,2020-07-11 16:09:59,22.68,-3.98,109.53,18,45,11.5
109,Bathsheba,BB,2020-07-11 16:10:00,13.22,-59.52,87.8,66,40,21.92
110,Jacareacanga,BR,2020-07-11 16:10:02,-6.22,-57.75,93.22,36,0,4.21
111,Qaqortoq,GL,2020-07-11 16:10:03,60.72,-46.03,55.4,76,75,5.82
112,Lazaro Cardenas,MX,2020-07-11 16:10:04,17.96,-102.2,86.74,67,58,4.14
113,Ucluelet,CA,2020-07-11 16:10:04,48.93,-125.55,57.0,93,90,8.05
114,Clyde River,CA,2020-07-11 16:10:05,70.47,-68.59,55.4,58,20,6.93
115,Qaanaaq,GL,2020-07-11 16:10:06,77.48,-69.36,45.25,59,91,3.67
116,Narsaq,GL,2020-07-11 16:10:09,60.92,-46.05,55.4,76,75,5.82
117,Beringovskiy,RU,2020-07-11 16:10:11,63.05,179.32,49.28,81,99,3.94
118,Axim,GH,2020-07-11 16:10:12,4.87,-2.24,78.12,76,59,11.34
119,Vagur,FO,2020-07-11 16:10:13,61.47,-6.81,51.6,96,100,16.75
120,Lichinga,MZ,2020-07-11 16:10:13,-13.31,35.24,61.39,69,3,1.43
121,Nizhniy Novgorod,RU,2020-07-11 16:05:24,56.33,44.0,77.0,38,12,8.95
122,Geraldton,AU,2020-07-11 16:10:15,-28.77,114.6,48.2,41,0,8.05
123,Ilulissat,GL,2020-07-11 16:10:16,69.22,-51.1,46.4,70,40,4.7
124,Qianguo,CN,2020-07-11 16:10:17,45.12,124.86,68.95,75,98,5.86
125,Tripoli,LY,2020-07-11 16:10:18,32.88,13.19,81.05,63,0,13.82
126,Mahmudabad,IN,2020-07-11 16:10:19,27.3,81.12,87.8,89,75,2.26
127,Port Hardy,CA,2020-07-11 16:10:19,50.7,-127.42,53.6,100,90,3.31
128,Hilo,US,2020-07-11 16:10:20,19.73,-155.09,71.6,78,90,3.36
129,Bereda,ES,2020-07-11 16:10:20,43.27,-7.54,66.0,73,6,21.0
130,Saint George,US,2020-07-11 16:07:44,37.1,-113.58,91.0,22,1,3.36
131,Luanda,AO,2020-07-11 16:10:22,-8.84,13.23,73.4,78,90,8.05
132,Esperance,AU,2020-07-11 16:10:23,-33.87,121.9,46.4,87,10,6.93
133,Cabo San Lucas,MX,2020-07-11 16:08:27,22.89,-109.91,89.6,48,20,4.7
134,Chernyshevskiy,RU,2020-07-11 16:10:23,63.01,112.47,60.84,97,13,8.41
135,Conceicao Do Araguaia,BR,2020-07-11 16:10:23,-8.26,-49.26,92.32,37,28,6.46
136,Camapua,BR,2020-07-11 16:10:24,-19.53,-54.04,88.0,24,0,11.88
137,Yarim,YE,2020-07-11 16:10:25,14.3,44.38,69.94,46,87,3.33
138,Thompson,CA,2020-07-11 16:08:35,55.74,-97.86,60.8,77,90,2.24
139,Chumikan,RU,2020-07-11 16:10:27,54.72,135.31,49.6,94,100,5.53
140,Mahajanga,MG,2020-07-11 16:10:27,-15.72,46.32,82.4,45,40,5.82
141,Marsh Harbour,BS,2020-07-11 16:10:28,26.54,-77.06,86.4,67,100,17.38
142,Mwandiga,TZ,2020-07-11 16:10:28,-4.83,29.66,77.36,61,47,3.27
143,Yulara,AU,2020-07-11 16:10:30,-25.24,130.99,41.0,52,0,6.93
144,Rio Tuba,PH,2020-07-11 16:10:32,8.51,117.43,79.29,83,75,3.38
145,Owerri,NG,2020-07-11 16:10:33,5.48,7.03,74.03,93,100,5.82
146,Bambous Virieux,MU,2020-07-11 16:10:33,-20.34,57.76,73.0,77,75,13.87
147,Samarai,PG,2020-07-11 16:10:35,-10.62,150.67,77.72,88,99,14.34
148,Port Lincoln,AU,2020-07-11 16:10:36,-34.73,135.87,52.75,78,35,13.04
149,Tandalti,SD,2020-07-11 16:10:36,13.02,31.87,99.14,25,42,4.07
150,Mandalgovi,MN,2020-07-11 16:10:36,45.76,106.27,66.69,42,0,10.25
151,Oriximina,BR,2020-07-11 16:10:37,-1.77,-55.87,88.68,56,14,6.11
152,Lamar,US,2020-07-11 16:10:37,33.67,-95.58,91.4,66,1,5.82
153,Mae Chan,TH,2020-07-11 16:10:39,20.15,99.85,80.6,94,20,1.66
154,Santa Cruz,BO,2020-07-11 16:10:40,-17.8,-63.17,78.8,69,75,2.24
155,Sal Rei,CV,2020-07-11 16:10:41,16.18,-22.92,84.2,54,75,11.41
156,Makakilo City,US,2020-07-11 16:10:42,21.35,-158.09,78.8,73,75,3.36
157,Avarua,CK,2020-07-11 16:05:53,-21.21,-159.78,73.4,83,100,4.7
158,Castro,BR,2020-07-11 16:10:42,-24.79,-50.01,68.88,63,53,11.68
159,Ostrovnoy,RU,2020-07-11 16:10:43,68.05,39.51,63.09,54,12,9.22
160,Laguna,US,2020-07-11 16:10:45,38.42,-121.42,78.8,49,1,3.36
161,Carnarvon,AU,2020-07-11 16:10:46,-24.87,113.63,55.4,66,0,9.17
162,Bethel,US,2020-07-11 16:10:48,41.37,-73.41,80.01,83,75,10.29
163,Goroka,PG,2020-07-11 16:10:49,-6.08,145.39,58.44,88,97,1.39
164,Bandarbeyla,SO,2020-07-11 16:10:51,9.49,50.81,81.21,68,72,32.64
165,Kaliganj,BD,2020-07-11 16:08:08,23.41,89.14,82.09,89,100,10.29
166,Cidreira,BR,2020-07-11 16:10:56,-30.18,-50.21,57.6,94,100,6.02
167,Port Blair,IN,2020-07-11 16:10:57,11.67,92.75,82.65,80,100,9.35
168,Lebu,CL,2020-07-11 16:10:58,-37.62,-73.65,51.21,80,100,12.86
169,Cayenne,GF,2020-07-11 16:10:59,4.93,-52.33,87.8,62,57,11.41
170,Port Alfred,ZA,2020-07-11 16:11:00,-33.59,26.89,57.04,62,79,24.18
171,Akyab,MM,2020-07-11 16:11:01,20.15,92.9,82.45,84,97,8.19
172,Glendive,US,2020-07-11 16:11:01,47.11,-104.71,73.99,56,1,12.75
173,Vallenar,CL,2020-07-11 16:11:02,-28.57,-70.76,72.72,22,0,3.94
174,Pucallpa,PE,2020-07-11 16:08:01,-8.38,-74.55,78.8,78,75,2.24
175,Umm Kaddadah,SD,2020-07-11 16:11:04,13.6,26.69,89.06,40,19,8.03
176,Savonlinna,FI,2020-07-11 16:11:05,61.87,28.88,55.4,100,90,9.17
177,Daru,PG,2020-07-11 16:10:03,-9.08,143.21,77.05,87,100,14.63
178,Portland,US,2020-07-11 16:07:38,45.52,-122.68,66.0,72,40,1.48
179,Tasiilaq,GL,2020-07-11 16:11:09,65.61,-37.64,46.4,70,20,17.22
180,Takapau,NZ,2020-07-11 16:11:11,-40.03,176.35,48.0,76,71,10.0
181,Whitehorse,CA,2020-07-11 16:07:26,60.72,-135.05,53.01,62,40,11.41
182,Arlit,NE,2020-07-11 16:11:14,18.74,7.39,107.37,11,24,7.52
183,Prince Rupert,CA,2020-07-11 16:11:14,54.32,-130.32,53.6,93,90,4.7
184,San Cristobal,VE,2020-07-11 16:11:14,7.77,-72.22,82.4,65,75,9.17
185,Pizhanka,RU,2020-07-11 16:11:15,57.46,48.54,66.85,71,8,5.08
186,Dwarka,IN,2020-07-11 16:11:16,22.24,68.97,85.03,81,100,21.68
187,Dongdu,CN,2020-07-11 16:11:16,35.85,117.7,70.12,85,100,9.84
188,Coolum Beach,AU,2020-07-11 16:11:17,-26.53,153.1,55.99,98,3,4.79
189,Moose Factory,CA,2020-07-11 16:11:18,51.26,-80.61,60.8,100,90,5.82
190,Grand Gaube,MU,2020-07-11 16:11:19,-20.01,57.66,73.0,65,70,8.99
191,Yumen,CN,2020-07-11 16:11:19,40.28,97.2,70.2,34,5,7.96
192,Oyem,GA,2020-07-11 16:11:20,1.6,11.58,82.4,65,75,2.98
193,Chuy,UY,2020-07-11 16:11:20,-33.7,-53.46,50.9,55,0,7.34
194,Sangmelima,CM,2020-07-11 16:07:04,2.93,11.98,74.62,93,55,3.58
195,Tessalit,ML,2020-07-11 16:11:20,20.2,1.01,102.79,20,78,13.33
196,Cherskiy,RU,2020-07-11 16:11:21,68.75,161.3,46.63,93,44,10.71
197,Andenes,NO,2020-07-11 16:11:22,69.31,16.12,57.2,71,13,5.82
198,Guasdualito,VE,2020-07-11 16:11:23,7.24,-70.73,73.4,94,75,6.93
199,Benjamin Hill,MX,2020-07-11 16:11:23,30.17,-111.1,89.01,49,0,5.01
200,Lozovik,RS,2020-07-11 16:11:23,44.47,21.1,89.01,37,0,1.99
201,Thunder Bay,CA,2020-07-11 16:09:42,48.4,-89.32,71.6,64,75,12.75
202,Chapais,CA,2020-07-11 16:11:27,49.78,-74.85,75.2,83,75,8.05
203,Gamboula,CF,2020-07-11 16:11:28,4.12,15.14,77.79,86,58,2.46
204,Minna,NG,2020-07-11 16:11:31,9.61,6.56,82.4,74,75,8.05
205,Shaki,AZ,2020-07-11 16:11:32,41.08,47.17,86.0,51,44,2.24
206,College,US,2020-07-11 16:11:32,64.86,-147.8,54.0,66,75,3.36
207,Leningradskiy,RU,2020-07-11 16:11:33,69.38,178.42,39.42,78,0,12.41
208,Ramsar,IR,2020-07-11 16:11:33,36.92,50.64,78.8,74,75,2.24
209,Sitka,US,2020-07-11 16:10:50,57.05,-135.33,55.4,87,90,6.93
210,Aklavik,CA,2020-07-11 16:11:37,68.22,-135.01,48.2,87,40,3.36
211,Manzhouli,CN,2020-07-11 16:11:39,49.6,117.43,66.58,74,97,9.17
212,Mount Isa,AU,2020-07-11 16:10:07,-20.73,139.5,62.6,33,51,17.22
213,Yeppoon,AU,2020-07-11 16:11:40,-23.13,150.73,55.4,100,4,0.43
214,Sampit,ID,2020-07-11 16:11:42,-2.53,112.95,74.71,96,100,1.86
215,Bowen,AU,2020-07-11 16:11:43,-20.02,148.23,64.99,93,90,6.4
216,Asau,RO,2020-07-11 16:11:44,46.43,26.4,86.0,35,0,14.99
217,Talnakh,RU,2020-07-11 16:11:45,69.49,88.4,51.8,81,75,17.9
218,Lasa,IT,2020-07-11 16:11:46,46.62,10.7,57.2,76,40,6.93
219,Severo-Kurilsk,RU,2020-07-11 16:11:46,50.68,156.12,50.56,91,100,3.47
220,Vammala,FI,2020-07-11 16:11:48,61.33,22.9,57.2,82,98,9.17
221,Isangel,VU,2020-07-11 16:11:48,-19.55,169.27,69.17,82,24,13.09
222,Villazon,BO,2020-07-11 16:11:49,-22.09,-65.59,50.23,27,0,2.98
223,Kupang,ID,2020-07-11 16:11:50,-10.17,123.58,76.3,81,83,10.58
224,Victoria,HK,2020-07-11 16:11:04,22.29,114.16,86.0,70,52,8.99
225,Coquimbo,CL,2020-07-11 16:11:51,-29.95,-71.34,51.8,93,90,12.75
226,Vao,NC,2020-07-11 16:11:52,-22.67,167.48,69.19,77,54,21.68
227,Haysville,US,2020-07-11 16:11:35,37.56,-97.35,87.01,69,1,10.29
228,Morgan City,US,2020-07-11 16:11:53,29.7,-91.21,90.0,79,40,8.05
229,Puerto Lempira,HN,2020-07-11 16:11:55,15.27,-83.77,87.8,74,40,11.41
230,Gat,IL,2020-07-11 16:11:56,31.61,34.76,84.99,65,0,3.0
231,Yabrud,SY,2020-07-11 16:11:56,33.97,36.66,87.8,38,0,16.11
232,Ratnagiri,IN,2020-07-11 16:11:56,16.98,73.3,81.28,84,99,4.99
233,Khuzhir,RU,2020-07-11 16:11:57,53.19,107.34,56.82,89,98,7.2
234,Banda Aceh,ID,2020-07-11 16:11:58,5.56,95.32,81.14,79,98,6.69
235,Havelock,US,2020-07-11 16:12:00,34.88,-76.9,89.6,55,1,11.41
236,Zlutice,CZ,2020-07-11 16:12:00,50.09,13.16,68.0,45,40,3.36
237,San Patricio,MX,2020-07-11 16:12:01,19.22,-104.7,86.0,74,75,2.55
238,Katsuura,JP,2020-07-11 16:12:01,35.13,140.3,78.8,94,75,19.46
239,Raton,US,2020-07-11 16:12:01,36.9,-104.44,82.4,26,1,12.75
240,Tarauaca,BR,2020-07-11 16:09:02,-8.16,-70.77,89.56,51,42,1.01
241,Wagar,SD,2020-07-11 16:12:04,16.15,36.2,104.85,16,0,6.55
242,Manuk Mangkaw,PH,2020-07-11 16:12:05,4.8,119.85,79.39,81,100,6.96
243,Vila Velha,BR,2020-07-11 16:08:59,-20.33,-40.29,78.01,61,20,6.93
244,Virginia Beach,US,2020-07-11 16:12:07,36.85,-75.98,87.8,58,75,8.05
245,Simiti,CO,2020-07-11 16:12:08,7.96,-73.94,84.42,68,100,1.83
246,Polson,US,2020-07-11 16:12:08,47.69,-114.16,66.0,60,0,1.81
247,Kununurra,AU,2020-07-11 16:12:08,-15.77,128.73,71.6,36,38,8.05
248,Tilichiki,RU,2020-07-11 16:12:09,60.47,166.1,48.07,100,100,2.62
249,Zhongxing,CN,2020-07-11 16:12:09,33.7,118.68,69.87,97,100,13.18
250,Samandag,TR,2020-07-11 16:12:10,36.08,35.98,84.2,62,20,19.46
251,Gorele,TR,2020-07-11 16:12:11,41.03,39.0,77.0,73,75,3.36
252,Oranjemund,NA,2020-07-11 16:12:13,-28.55,16.43,57.22,61,3,11.7
253,Luderitz,NA,2020-07-11 16:12:17,-26.65,15.16,66.2,52,0,12.75
254,Baudh,IN,2020-07-11 16:12:17,20.84,84.32,83.57,71,100,2.37
255,Cockburn Town,TC,2020-07-11 16:09:29,21.46,-71.14,83.37,78,31,19.73
256,Sisimiut,GL,2020-07-11 16:12:18,66.94,-53.67,47.7,70,97,6.85
257,Itapora,BR,2020-07-11 16:12:19,-22.08,-54.79,86.27,33,7,11.56
258,Helena,US,2020-07-11 16:09:05,46.59,-112.04,64.99,59,1,3.36
259,Okhotsk,RU,2020-07-11 16:12:20,59.38,143.3,49.75,93,32,2.75
260,Crib Point,AU,2020-07-11 16:12:20,-38.35,145.2,48.0,96,98,6.69
261,Horizontina,BR,2020-07-11 16:12:22,-27.63,-54.31,62.01,95,96,1.99
262,Hamilton,US,2020-07-11 16:09:29,39.18,-84.53,84.99,48,40,11.41
263,Canton,CN,2020-07-11 16:12:23,23.12,113.25,88.0,70,40,6.71
264,Tiksi,RU,2020-07-11 16:12:23,71.69,128.87,46.63,87,100,7.63
265,San Policarpo,PH,2020-07-11 16:12:24,12.18,125.51,81.3,80,100,3.53
266,Dhidhdhoo,MV,2020-07-11 16:12:24,6.88,73.1,83.79,75,100,10.27
267,Grindavik,IS,2020-07-11 16:12:25,63.84,-22.43,51.8,87,75,13.87
268,Morondava,MG,2020-07-11 16:12:25,-20.28,44.28,74.71,67,0,11.7
269,Aksarka,RU,2020-07-11 16:12:26,66.56,67.8,60.33,85,100,2.04
270,Southbridge,US,2020-07-11 16:12:28,42.08,-72.03,82.99,78,57,1.01
271,Isla Mujeres,MX,2020-07-11 16:12:29,21.23,-86.73,87.8,66,40,11.41
272,Pevek,RU,2020-07-11 16:12:05,69.7,170.31,48.65,77,100,2.93
273,Turukhansk,RU,2020-07-11 16:12:32,65.82,87.98,55.56,84,62,5.48
274,Praia,CV,2020-07-11 16:12:33,14.92,-23.51,86.0,51,20,13.87
275,Huilong,CN,2020-07-11 16:12:35,31.81,121.66,79.0,99,100,1.01
276,Roslavl,RU,2020-07-11 16:12:37,53.95,32.86,73.9,88,7,7.4
277,San Carlos De Bariloche,AR,2020-07-11 16:12:38,-41.15,-71.31,35.6,80,75,16.11
278,Koumac,NC,2020-07-11 16:12:38,-20.57,164.28,65.71,81,2,5.99
279,Marawi,PH,2020-07-11 16:12:39,8.0,124.29,75.99,94,100,5.01
280,Paamiut,GL,2020-07-11 16:12:39,61.99,-49.67,43.5,89,25,5.93
281,Victor Harbor,AU,2020-07-11 16:12:41,-35.57,138.62,48.0,98,90,5.99
282,Kouango,CF,2020-07-11 16:12:42,4.99,19.96,80.04,82,97,2.84
283,Sao Filipe,CV,2020-07-11 16:12:43,14.9,-24.5,75.83,80,48,8.84
284,Novo Cruzeiro,BR,2020-07-11 16:12:46,-17.47,-41.88,71.44,58,49,5.77
285,Hofn,IS,2020-07-11 16:12:47,64.25,-15.21,50.85,78,77,3.51
286,Parabel,RU,2020-07-11 16:12:48,58.7,81.48,62.89,74,44,4.56
287,Ancud,CL,2020-07-11 16:12:50,-41.87,-73.82,48.0,81,75,4.7
288,Gabi,PH,2020-07-11 16:12:51,7.62,126.09,74.19,83,94,2.01
289,Liverpool,GB,2020-07-11 16:10:07,53.41,-2.98,64.0,55,40,13.87
290,Mani,CO,2020-07-11 16:12:54,4.82,-72.29,84.24,71,80,2.59
291,Inhambane,MZ,2020-07-11 16:12:56,-23.86,35.38,77.0,78,20,17.22
292,Grajewo,PL,2020-07-11 16:12:58,53.65,22.46,60.57,75,100,4.92
293,Bubaque,GW,2020-07-11 16:12:59,11.28,-15.83,79.14,87,100,20.67
294,Karpogory,RU,2020-07-11 16:13:00,64.0,44.45,56.55,95,100,7.47
295,Mascote,BR,2020-07-11 16:13:01,-15.56,-39.3,80.76,55,9,5.03
296,Souillac,MU,2020-07-11 16:13:02,-20.52,57.52,69.8,83,75,12.75
297,Ust-Kuyga,RU,2020-07-11 16:13:02,70.02,135.6,65.14,57,99,4.34
298,Kavieng,PG,2020-07-11 16:13:03,-2.57,150.8,82.0,75,100,7.02
299,Nome,US,2020-07-11 16:13:05,64.5,-165.41,53.6,58,1,5.82
300,Lata,PT,2020-07-11 16:13:06,40.16,-8.33,99.0,50,44,10.2
301,Touros,BR,2020-07-11 16:13:09,-5.2,-35.46,78.8,74,75,11.41
302,Mao,ES,2020-07-11 16:13:11,39.89,4.27,78.8,65,0,18.34
303,Sakaiminato,JP,2020-07-11 16:13:11,35.55,133.23,71.6,88,75,6.93
304,Koslan,RU,2020-07-11 16:13:13,63.46,48.9,67.46,53,83,7.34
305,Mudgee,AU,2020-07-11 16:08:45,-32.59,149.59,50.0,100,90,0.4
306,Soyo,AO,2020-07-11 16:13:14,-6.13,12.37,77.0,78,20,9.17
307,Labrea,BR,2020-07-11 16:13:14,-7.26,-64.8,94.98,41,0,1.25
308,La Plata,AR,2020-07-11 16:11:19,-34.92,-57.95,55.99,53,0,6.93
309,Kashi,CN,2020-07-11 16:13:16,39.45,75.98,82.4,19,40,11.18
310,East London,ZA,2020-07-11 16:13:17,-33.02,27.91,58.98,59,83,30.31
311,Astoria,US,2020-07-11 16:13:17,46.19,-123.83,62.01,93,1,3.36
312,Half Moon Bay,US,2020-07-11 16:10:38,37.46,-122.43,69.01,87,20,4.7
313,Ponta Do Sol,PT,2020-07-11 16:13:18,32.67,-17.1,77.0,61,20,20.8
314,Adrar,MR,2020-07-11 16:13:18,20.5,-10.07,104.61,14,0,9.53
315,Hami,CN,2020-07-11 16:13:18,42.8,93.45,81.18,25,73,3.62
316,Conde,BR,2020-07-11 16:13:20,-7.26,-34.91,80.6,78,90,12.75
317,Los Llanos De Aridane,ES,2020-07-11 16:13:21,28.66,-17.92,77.0,65,20,18.34
318,Shirokiy,RU,2020-07-11 16:13:22,49.76,129.52,66.2,88,3,2.3
319,Lompoc,US,2020-07-11 16:11:56,34.64,-120.46,59.0,100,0,3.49
320,Aripuana,BR,2020-07-11 16:10:06,-9.17,-60.63,93.61,32,0,3.76
321,Hasaki,JP,2020-07-11 16:13:25,35.73,140.83,78.8,94,75,17.22
322,Xam Nua,LA,2020-07-11 16:13:25,20.42,104.04,68.47,85,100,2.3
323,Kedrovyy,RU,2020-07-11 16:13:26,56.17,91.82,57.2,87,45,1.54
324,Sao Gabriel Da Cachoeira,BR,2020-07-11 16:13:28,-0.13,-67.09,82.8,84,84,0.89
325,Solnechnyy,RU,2020-07-11 16:13:30,50.72,136.63,57.72,88,5,2.19
326,Saraland,US,2020-07-11 16:13:31,30.82,-88.07,91.0,66,18,11.01
327,Baglung,NP,2020-07-11 16:13:31,28.27,83.59,71.83,79,81,1.25
328,Malpe,IN,2020-07-11 16:13:32,13.35,74.72,78.8,88,75,6.93
329,Malakal,SS,2020-07-11 16:13:33,9.53,31.66,86.27,59,89,2.39
330,Zhigansk,RU,2020-07-11 16:13:36,66.77,123.37,64.13,75,72,15.14
331,Bunbury,AU,2020-07-11 16:13:37,-33.33,115.63,43.0,69,0,10.96
332,Sorland,NO,2020-07-11 16:13:38,67.67,12.69,52.5,80,0,18.68
333,Antofagasta,CL,2020-07-11 16:12:18,-23.65,-70.4,59.0,62,40,4.7
334,Ikalamavony,MG,2020-07-11 16:13:40,-21.15,46.58,62.69,71,2,10.25
335,Rosetta,EG,2020-07-11 16:13:41,31.4,30.42,82.4,65,0,11.41
336,Acapulco,MX,2020-07-11 16:13:42,16.86,-99.89,82.4,78,90,4.7
337,Bengkulu,ID,2020-07-11 16:13:43,-3.8,102.27,77.59,89,95,4.59
338,Kiruna,SE,2020-07-11 16:13:44,67.86,20.23,53.6,76,100,6.93
339,Novobiryusinskiy,RU,2020-07-11 16:13:44,56.96,97.71,53.06,84,52,2.37
340,Molde,NO,2020-07-11 16:13:45,62.74,7.16,51.8,71,75,11.41
341,Les Cayes,HT,2020-07-11 16:13:45,18.2,-73.75,86.02,62,89,11.72
342,Yei,SS,2020-07-11 16:13:46,4.09,30.68,72.61,88,73,1.52
343,Kralendijk,BQ,2020-07-11 16:13:46,12.15,-68.27,89.6,62,20,19.46
344,Griffith,US,2020-07-11 16:13:47,41.53,-87.42,84.0,58,1,9.17
345,Karasburg,NA,2020-07-11 16:13:49,-28.02,18.75,47.16,54,49,4.27
346,Inongo,CD,2020-07-11 16:13:50,-1.95,18.27,75.4,72,62,1.83
347,Port Moresby,PG,2020-07-11 16:13:51,-9.44,147.18,77.0,94,40,5.82
348,Zabaykalsk,RU,2020-07-11 16:13:52,49.63,117.32,65.86,76,95,10.54
349,Airai,TL,2020-07-11 16:13:52,-8.93,125.41,57.99,100,34,3.58
350,Lotofaga,WS,2020-07-11 16:13:54,-13.98,-171.86,78.01,88,25,8.01
351,Kizukuri,JP,2020-07-11 16:13:55,40.81,140.39,66.99,94,99,5.01
352,Alugan,PH,2020-07-11 16:13:57,12.22,125.48,80.65,82,100,3.42
353,Porto Walter,BR,2020-07-11 16:13:58,-8.27,-72.74,90.12,51,9,1.54
354,Lermontovka,RU,2020-07-11 16:12:05,47.15,134.34,60.19,93,47,2.15
355,Cabedelo,BR,2020-07-11 16:14:00,-6.98,-34.83,77.0,88,90,13.87
356,Banamba,ML,2020-07-11 16:14:00,13.55,-7.45,88.81,50,99,5.39
357,Alta Floresta,BR,2020-07-11 16:13:03,-9.88,-56.09,93.69,29,0,4.29
358,Layou,VC,2020-07-11 16:14:01,13.2,-61.27,86.0,70,40,6.93
359,Cerrito,CO,2020-07-11 16:14:02,6.84,-72.69,68.0,100,75,3.36
360,Mlawa,PL,2020-07-11 16:14:03,53.11,20.38,60.8,67,100,4.7
361,Burnie,AU,2020-07-11 16:14:03,-41.07,145.92,46.0,86,88,3.0
362,Yichun,CN,2020-07-11 16:14:05,47.7,128.9,60.82,92,7,1.68
363,Merauke,ID,2020-07-11 16:14:06,-8.47,140.33,77.27,83,100,15.97
364,Gamba,GA,2020-07-11 16:14:08,-2.65,10.0,75.58,80,29,9.42
365,Nizhneangarsk,RU,2020-07-11 16:14:10,55.78,109.55,57.88,81,51,4.59
366,Mumbwa,ZM,2020-07-11 16:14:10,-14.98,27.06,74.73,31,36,3.24
367,Meulaboh,ID,2020-07-11 16:14:12,4.14,96.13,76.84,89,99,6.87
368,Teya,RU,2020-07-11 16:14:15,60.38,92.63,53.91,80,2,4.52
369,San Andres,CO,2020-07-11 16:11:47,12.58,-81.7,86.0,74,40,19.46
370,Seondha,IN,2020-07-11 16:14:17,26.16,78.78,94.08,51,70,7.09
371,Magalia,US,2020-07-11 16:14:18,39.81,-121.58,82.4,28,5,2.35
372,Longyearbyen,SJ,2020-07-11 16:14:19,78.22,15.64,44.6,70,75,32.21
373,Independence,US,2020-07-11 16:14:20,39.09,-94.42,87.8,55,1,10.94
374,Tongzhou,CN,2020-07-11 16:14:20,39.91,116.6,84.0,88,100,6.22
375,Roma,US,2020-07-11 16:12:05,43.21,-75.46,81.0,69,75,8.05
376,Rocha,UY,2020-07-11 16:14:23,-34.48,-54.33,50.76,53,0,8.88
377,Juneau,US,2020-07-11 16:10:41,58.3,-134.42,55.0,100,90,4.7
378,Mortka,RU,2020-07-11 16:14:26,59.33,66.02,72.37,61,40,7.99
379,Puerto Escondido,MX,2020-07-11 16:11:54,15.85,-97.07,82.4,69,90,3.36
380,Bucerias,MX,2020-07-11 16:14:29,20.75,-105.33,87.8,66,20,5.88
381,Leshukonskoye,RU,2020-07-11 16:14:32,64.9,45.76,58.32,85,100,5.77
382,Shimoda,JP,2020-07-11 16:14:32,34.67,138.95,71.01,93,100,1.99
383,Kandrian,PG,2020-07-11 16:14:34,-6.22,149.55,77.4,86,50,7.83
384,Nurota,UZ,2020-07-11 16:14:34,40.56,65.69,80.6,54,55,4.7
385,Namatanai,PG,2020-07-11 16:14:35,-3.67,152.43,79.38,83,27,7.54
386,Podyuga,RU,2020-07-11 16:14:35,61.09,40.86,63.3,95,100,11.01
387,Puerto Del Rosario,ES,2020-07-11 16:14:36,28.5,-13.86,78.8,69,3,17.22
388,Iquique,CL,2020-07-11 16:14:36,-20.22,-70.14,62.6,59,21,6.93
389,Khandagayty,RU,2020-07-11 16:14:37,50.73,92.05,60.06,75,65,13.58
390,Nabire,ID,2020-07-11 16:14:38,-3.37,135.48,76.17,91,100,4.72
391,Guerrero Negro,MX,2020-07-11 16:14:38,27.98,-114.06,81.37,37,2,6.58
392,Ihosy,MG,2020-07-11 16:14:38,-22.4,46.12,61.68,84,11,6.91
393,Chicama,PE,2020-07-11 16:14:39,-7.84,-79.15,70.38,59,82,8.28
394,Aden,YE,2020-07-11 16:12:27,12.78,45.04,89.15,69,91,12.59
395,Yagodnoye,RU,2020-07-11 16:14:42,62.55,149.67,50.2,80,19,2.06
396,Bodden Town,KY,2020-07-11 16:14:43,19.28,-81.25,88.0,79,40,12.75
397,Evensk,RU,2020-07-11 16:12:06,61.95,159.23,52.43,94,100,0.96
398,Avera,US,2020-07-11 16:14:44,33.19,-82.53,87.8,66,1,6.93
399,High Level,CA,2020-07-11 16:14:45,58.52,-117.14,62.6,67,75,8.05
400,Qandala,SO,2020-07-11 16:14:47,11.47,49.87,92.8,48,83,3.18
401,Tshikapa,CD,2020-07-11 16:14:49,-6.42,20.8,92.97,27,37,0.47
402,Necochea,AR,2020-07-11 16:14:09,-38.55,-58.74,46.99,61,30,18.99
403,Naze,JP,2020-07-11 16:14:49,28.37,129.48,80.6,100,83,4.7
404,Curup,ID,2020-07-11 16:14:50,-3.47,102.53,68.54,93,90,2.21
405,Pilar,BR,2020-07-11 16:14:51,-9.6,-35.96,82.4,61,40,11.41
406,Rawson,AR,2020-07-11 16:14:52,-43.3,-65.1,46.13,54,16,36.24
407,Farafangana,MG,2020-07-11 16:14:53,-22.82,47.83,70.25,83,0,12.62
408,Urubicha,BO,2020-07-11 16:14:55,-15.38,-62.95,87.3,43,9,6.51
409,Koungou,YT,2020-07-11 16:14:55,-12.73,45.2,77.0,73,8,8.05
410,Bundaberg,AU,2020-07-11 16:14:57,-24.85,152.35,57.0,87,71,2.51
411,Brae,GB,2020-07-11 16:14:58,60.4,-1.35,53.6,87,96,8.05
412,Flin Flon,CA,2020-07-11 16:12:38,54.77,-101.86,66.2,82,75,5.82
413,Carutapera,BR,2020-07-11 16:15:00,-1.2,-46.02,84.72,68,100,10.42
414,Joshimath,IN,2020-07-11 16:15:01,30.57,79.57,66.81,61,66,0.98
415,Inta,RU,2020-07-11 16:15:02,66.03,60.17,63.39,69,39,12.12
416,Salym,RU,2020-07-11 16:15:03,60.06,71.48,66.7,96,64,11.86
417,Rabo De Peixe,PT,2020-07-11 16:15:04,37.8,-25.58,71.6,64,75,8.05
418,Popondetta,PG,2020-07-11 16:15:06,-8.75,148.25,71.91,94,100,2.64
419,Birjand,IR,2020-07-11 16:11:37,32.87,59.22,80.6,24,0,18.34
420,Rock Sound,BS,2020-07-11 16:15:06,24.9,-76.2,84.31,74,100,17.0
421,Kruisfontein,ZA,2020-07-11 16:15:08,-34.0,24.73,49.84,72,44,12.91
422,Kawalu,ID,2020-07-11 16:15:09,-7.38,108.21,72.48,91,100,1.97
423,Daura,NG,2020-07-11 16:15:10,11.55,11.41,88.21,48,95,8.77
424,Kargil,IN,2020-07-11 16:15:11,34.57,76.1,59.54,35,16,7.27
425,Massaguet,TD,2020-07-11 16:15:14,12.48,15.44,91.4,52,40,6.93
426,Nassau,US,2020-07-11 16:15:15,40.75,-73.58,86.0,78,75,12.75
427,Zambezi,ZM,2020-07-11 16:15:15,-13.54,23.1,79.0,21,0,4.12
428,Belmonte,BR,2020-07-11 16:15:16,-15.86,-38.88,78.8,69,20,6.93
429,Olafsvik,IS,2020-07-11 16:15:17,64.89,-23.71,52.25,84,100,12.08
430,Viedma,AR,2020-07-11 16:11:18,-40.81,-63.0,50.43,46,89,26.69
431,Saldanha,ZA,2020-07-11 16:15:19,-33.01,17.94,57.2,62,7,2.24
432,Cochrane,CA,2020-07-11 16:13:40,51.18,-114.47,64.4,59,1,3.58
433,Port Pirie,AU,2020-07-11 16:15:20,-33.18,138.02,41.0,93,10,6.93
434,West Wendover,US,2020-07-11 16:15:20,40.74,-114.07,82.4,21,1,1.72
435,Tura,IN,2020-07-11 16:15:20,25.52,90.22,74.95,97,100,7.14
436,Villa Carlos Paz,AR,2020-07-11 16:15:21,-31.42,-64.5,57.99,24,83,14.99
437,Ivangorod,RU,2020-07-11 16:15:21,59.37,28.22,59.49,72,100,20.45
438,Belyy Yar,RU,2020-07-11 16:15:22,53.6,91.39,62.6,82,34,2.24
439,Puerto Rico,AR,2020-07-11 16:15:22,-26.8,-55.02,68.0,88,52,2.73
440,Zhigalovo,RU,2020-07-11 16:15:23,54.81,105.16,62.96,89,96,3.53
441,Ivanteyevka,RU,2020-07-11 16:15:26,55.97,37.92,82.0,50,40,11.18
442,Hobyo,SO,2020-07-11 16:15:28,5.35,48.53,79.27,77,74,29.53
443,Nisia Floresta,BR,2020-07-11 16:15:30,-6.09,-35.21,82.4,69,90,13.87
444,Grootfontein,NA,2020-07-11 16:15:31,-19.57,18.12,64.6,24,0,7.27
445,General Roca,AR,2020-07-11 16:15:32,-39.03,-67.58,57.2,30,20,23.04
446,Kavaratti,IN,2020-07-11 16:15:32,10.57,72.64,80.96,83,100,25.21
447,Shingu,JP,2020-07-11 16:15:33,33.73,135.98,73.76,96,99,4.92
448,Outjo,NA,2020-07-11 16:15:33,-20.12,16.15,71.56,15,0,7.34
449,Faya,SA,2020-07-11 16:15:34,18.39,42.45,84.2,45,40,11.41
450,Alghero,IT,2020-07-11 16:15:35,40.56,8.32,84.2,58,0,10.29
451,Auki,SB,2020-07-11 16:15:07,-8.77,160.7,77.54,83,100,5.1
452,Trairi,BR,2020-07-11 16:12:46,-3.28,-39.27,85.95,56,71,12.68
453,Williston,US,2020-07-11 16:15:39,48.15,-103.62,66.99,81,0,5.99
454,Deniliquin,AU,2020-07-11 16:15:40,-35.53,144.97,46.0,93,62,0.13
455,Pisco,PE,2020-07-11 16:13:19,-13.7,-76.22,61.0,82,90,3.36
456,Tautira,PF,2020-07-11 16:15:42,-17.73,-149.15,75.2,64,20,6.93
457,Nautla,MX,2020-07-11 16:15:42,20.22,-96.78,84.83,64,99,10.11
458,Hovd,MN,2020-07-11 16:15:43,48.01,91.64,71.04,40,100,4.63
459,Dillon,US,2020-07-11 16:15:43,34.42,-79.37,89.01,70,40,3.36
460,Thinadhoo,MV,2020-07-11 16:15:43,0.53,72.93,84.43,74,17,8.59
461,Conakry,GN,2020-07-11 16:14:32,9.54,-13.68,75.2,100,90,11.41
462,Matay,EG,2020-07-11 16:15:45,28.42,30.78,99.72,15,0,13.35
463,Douglas,US,2020-07-11 16:10:46,41.3,-96.17,82.99,54,1,9.17
464,Waingapu,ID,2020-07-11 16:15:47,-9.66,120.26,75.92,81,21,12.08
465,Seybaplaya,MX,2020-07-11 16:15:49,19.65,-90.67,84.2,79,75,13.87
466,Monterey,US,2020-07-11 16:15:52,36.25,-121.25,87.01,68,1,2.42
467,Nianzishan,CN,2020-07-11 16:15:52,47.52,122.88,64.0,78,100,1.01
468,Plouzane,FR,2020-07-11 16:15:55,48.38,-4.62,69.8,63,88,12.75
469,Mehamn,NO,2020-07-11 16:15:57,71.04,27.85,51.98,73,82,7.07
470,Aksu,CN,2020-07-11 16:15:58,41.12,80.26,74.7,39,46,6.15
471,Korla,CN,2020-07-11 16:15:58,41.76,86.15,81.0,63,43,5.99
472,Dicabisagan,PH,2020-07-11 16:15:59,17.08,122.42,80.46,78,96,2.62
473,Dingle,PH,2020-07-11 16:16:00,11.0,122.67,77.76,85,82,1.81
474,Marsa Matruh,EG,2020-07-11 16:16:00,31.35,27.25,80.6,61,20,13.87
475,Ust-Koksa,RU,2020-07-11 16:16:01,50.27,85.61,54.84,81,100,2.15
476,Ambon,ID,2020-07-11 16:16:02,-3.7,128.18,79.0,14,97,9.42
477,Okha,RU,2020-07-11 16:16:03,53.57,142.95,48.34,94,81,3.49
478,Jinchang,CN,2020-07-11 16:16:03,38.5,102.17,69.24,46,49,13.11
479,Toamasina,MG,2020-07-11 16:16:05,-18.17,49.38,75.2,73,75,9.17
480,Miranda,CO,2020-07-11 16:16:05,3.25,-76.23,77.0,78,75,2.24
481,Nemuro,JP,2020-07-11 16:16:07,43.32,145.57,56.64,96,99,11.81
482,Norman Wells,CA,2020-07-11 16:16:07,65.28,-126.83,51.8,81,90,3.36
483,Ketchikan,US,2020-07-11 16:16:08,55.34,-131.65,55.4,93,90,6.93
484,Linhares,BR,2020-07-11 16:16:09,-19.39,-40.07,75.61,65,84,2.71
485,Labuhan,ID,2020-07-11 16:16:10,-6.88,112.21,77.38,81,88,9.33
486,Moyale,KE,2020-07-11 16:16:10,3.52,39.06,73.85,45,56,9.24
487,Temiscaming,CA,2020-07-11 16:16:10,46.72,-79.1,71.6,94,90,4.7
488,Verkhnevilyuysk,RU,2020-07-11 16:16:11,63.45,120.32,70.14,81,41,6.89
489,Marang,MY,2020-07-11 16:16:11,5.21,103.21,80.6,88,40,4.7
490,Tabou,CI,2020-07-11 16:16:13,4.42,-7.35,78.67,69,73,10.8
491,Belaya Gora,RU,2020-07-11 16:16:14,68.53,146.42,58.51,73,70,2.98
492,Padang,ID,2020-07-11 16:16:16,-0.95,100.35,78.78,79,95,4.85
493,Yar-Sale,RU,2020-07-11 16:16:19,66.83,70.83,57.0,60,32,9.04
494,Canyon Lake,US,2020-07-11 16:16:21,29.88,-98.26,89.01,62,7,4.0
495,Yaransk,RU,2020-07-11 16:16:23,57.3,47.89,67.48,69,15,3.44
496,Doha,QA,2020-07-11 16:14:03,25.29,51.53,99.0,50,99,5.82
497,Milford,US,2020-07-11 16:16:24,41.22,-73.06,80.6,78,75,6.93
498,Cam Ranh,VN,2020-07-11 16:16:26,11.92,109.16,86.0,79,20,11.41
499,Vermillion,US,2020-07-11 16:16:27,42.78,-96.93,77.0,73,1,10.29
500,Panguna,PG,2020-07-11 16:16:29,-6.32,155.48,67.64,93,97,1.68
501,Arman,RU,2020-07-11 16:16:31,59.7,150.17,52.34,89,0,2.66
502,Dudinka,RU,2020-07-11 16:16:32,69.41,86.18,51.8,81,75,17.9
503,Swindon,GB,2020-07-11 16:16:35,51.56,-1.78,68.0,39,75,3.36
504,Vostok,RU,2020-07-11 16:16:37,46.49,135.88,53.96,99,6,3.56
505,Wenling,CN,2020-07-11 16:16:38,28.37,121.36,81.0,57,99,10.69
506,Conceicao Do Mato Dentro,BR,2020-07-11 16:16:39,-19.04,-43.42,74.71,52,30,6.17
507,Kislovodsk,RU,2020-07-11 16:16:39,43.91,42.72,87.8,29,40,13.42
508,Potsdam,DE,2020-07-11 16:16:40,52.4,13.07,70.0,51,35,1.01
509,Rincon,US,2020-07-11 16:13:15,32.3,-81.24,93.99,56,20,6.93
510,Anajatuba,BR,2020-07-11 16:16:42,-3.26,-44.62,88.74,56,92,5.61
511,Staroleushkovskaya,RU,2020-07-11 16:16:44,45.99,39.76,78.93,47,0,8.55
512,Olinda,BR,2020-07-11 16:16:45,-8.01,-34.86,75.2,94,75,14.99
513,Turbat,PK,2020-07-11 16:16:46,26.0,63.04,83.37,79,19,10.13
514,Hualmay,PE,2020-07-11 16:16:47,-11.1,-77.61,65.43,64,20,8.41
515,Jiazi,CN,2020-07-11 16:16:48,22.88,116.07,82.08,87,0,5.37
516,Proletarskiy,RU,2020-07-11 16:16:49,50.79,35.77,78.8,41,0,6.71
517,Anloga,GH,2020-07-11 16:16:50,5.79,0.9,78.8,88,40,11.41
518,Quimperle,FR,2020-07-11 16:16:51,47.87,-3.55,75.99,56,96,12.75
519,Hervey Bay,AU,2020-07-11 16:15:43,-25.3,152.85,59.0,88,68,5.01
520,Pedernales,DO,2020-07-11 16:16:55,18.04,-71.74,91.4,55,20,9.17
521,Santa Catalina,PH,2020-07-11 16:16:57,9.33,122.86,80.04,76,100,2.21
522,Baltay,RU,2020-07-11 16:16:58,52.47,46.63,70.02,71,0,8.75
523,Katherine,AU,2020-07-11 16:16:59,-14.47,132.27,73.4,46,12,8.05
524,Kalengwa,ZM,2020-07-11 16:17:01,-13.47,25.0,75.16,30,17,4.25
525,Mingguang,CN,2020-07-11 16:17:03,32.78,117.96,73.71,94,100,17.76
526,Jalu,LY,2020-07-11 16:17:05,29.03,21.55,96.76,14,0,13.15
527,Saquarema,BR,2020-07-11 16:17:07,-22.92,-42.51,78.8,54,0,4.7
528,Antsohihy,MG,2020-07-11 16:17:09,-14.88,47.99,75.85,59,19,7.56
529,Campo De Criptana,ES,2020-07-11 16:17:10,39.4,-3.12,87.01,26,23,11.01
530,Russell,US,2020-07-11 16:17:11,32.35,-85.2,89.6,55,1,10.29
531,Fairmont,US,2020-07-11 16:17:13,39.49,-80.14,73.4,73,90,11.41
532,Usogorsk,RU,2020-07-11 16:17:15,63.41,48.69,66.13,57,77,9.46
533,Coihaique,CL,2020-07-11 16:17:06,-45.58,-72.07,35.6,93,75,4.7
534,Dumai,ID,2020-07-11 16:17:18,1.68,101.45,76.75,91,100,3.06
535,Yugorsk,RU,2020-07-11 16:17:18,61.31,63.33,70.93,42,13,13.85
536,Kiunga,PG,2020-07-11 16:17:20,-6.12,141.29,73.72,99,100,2.55
537,Poso,ID,2020-07-11 16:17:20,-1.4,120.75,75.9,82,100,4.74
538,Lavrentiya,RU,2020-07-11 16:17:20,65.58,-171.0,47.48,65,0,7.67
539,Psebay,RU,2020-07-11 16:17:20,44.12,40.81,72.5,74,47,4.85
540,Ostrowiec Swietokrzyski,PL,2020-07-11 16:17:21,50.93,21.39,55.99,91,100,1.99
541,Svetlyy,RU,2020-07-11 16:17:21,54.67,20.13,60.8,67,20,13.42
542,Valladolid,ES,2020-07-11 16:17:22,41.58,-4.67,90.0,25,24,3.36
543,Nelson Bay,AU,2020-07-11 16:17:23,-32.72,152.15,53.01,93,100,11.83
544,Nola,IT,2020-07-11 16:17:24,40.92,14.53,88.0,51,0,11.41
545,Berlevag,NO,2020-07-11 16:17:25,70.86,29.09,49.06,84,66,3.65
546,Kalmunai,LK,2020-07-11 16:17:26,7.42,81.82,82.35,79,95,10.25
547,San Ramon,US,2020-07-11 16:17:28,37.78,-121.98,71.6,40,1,4.7
548,Tafalla,ES,2020-07-11 16:17:29,42.53,-1.67,89.6,50,0,13.87
549,Ploemeur,FR,2020-07-11 16:17:31,47.73,-3.43,75.99,56,97,12.75
550,Te Anau,NZ,2020-07-11 16:17:32,-45.42,167.72,46.6,88,100,6.29
551,Pacific Grove,US,2020-07-11 16:17:33,36.62,-121.92,61.0,77,40,4.7
552,Huarmey,PE,2020-07-11 16:17:34,-10.07,-78.15,66.15,64,88,8.5
